<?xml version="1.0" encoding="UTF-8"?>
<CustomColor>
<item color=0 PtStartX=96 PtStartY=399 IsCustom=1/>
<item color=16777215 PtStartX=126 PtStartY=399 IsCustom=1/>
<item color=16777215 PtStartX=156 PtStartY=399 IsCustom=0/>
<item color=16777215 PtStartX=186 PtStartY=399 IsCustom=0/>
<item color=16777215 PtStartX=216 PtStartY=399 IsCustom=0/>
<item color=16777215 PtStartX=246 PtStartY=399 IsCustom=0/>
<item color=16777215 PtStartX=276 PtStartY=399 IsCustom=0/>
<item color=16777215 PtStartX=306 PtStartY=399 IsCustom=0/>
<item color=16777215 PtStartX=336 PtStartY=399 IsCustom=0/>
<item color=16777215 PtStartX=366 PtStartY=399 IsCustom=0/>
<item color=16777215 PtStartX=396 PtStartY=399 IsCustom=0/>
<item color=16777215 PtStartX=426 PtStartY=399 IsCustom=0/>
<item color=16777215 PtStartX=456 PtStartY=399 IsCustom=0/>
<item color=16777215 PtStartX=486 PtStartY=399 IsCustom=0/>
<item color=16777215 PtStartX=516 PtStartY=399 IsCustom=0/>
<item color=16777215 PtStartX=96 PtStartY=429 IsCustom=0/>
<item color=16777215 PtStartX=126 PtStartY=429 IsCustom=0/>
<item color=16777215 PtStartX=156 PtStartY=429 IsCustom=0/>
<item color=16777215 PtStartX=186 PtStartY=429 IsCustom=0/>
<item color=16777215 PtStartX=216 PtStartY=429 IsCustom=0/>
<item color=16777215 PtStartX=246 PtStartY=429 IsCustom=0/>
<item color=16777215 PtStartX=276 PtStartY=429 IsCustom=0/>
<item color=16777215 PtStartX=306 PtStartY=429 IsCustom=0/>
<item color=16777215 PtStartX=336 PtStartY=429 IsCustom=0/>
<item color=16777215 PtStartX=366 PtStartY=429 IsCustom=0/>
<item color=16777215 PtStartX=396 PtStartY=429 IsCustom=0/>
<item color=16777215 PtStartX=426 PtStartY=429 IsCustom=0/>
<item color=16777215 PtStartX=456 PtStartY=429 IsCustom=0/>
<item color=16777215 PtStartX=486 PtStartY=429 IsCustom=0/>
<item color=16777215 PtStartX=516 PtStartY=429 IsCustom=0/>
</CustomColor>
