<?xml version="1.0" encoding="UTF-8"?>
<!--
;;;;;;;;;;;;;;;;;;;;;;;;;;;;;;;;;;;;;;;;;;;;;;;;;;;;;;;;;;;;;;;
;;;;;;;;;;;;;;;;;;;;;;;;;;;;;;;;;;;;;;;;;;;;;;;;;;;;;;;;;;;;;;;
;;			Copyright 2016									 ;;
;;			Shen Zhen Zero Point Zero One Tech co.LTD	     ;;
;;			(1.0 - 0.01)^365 = 0.03                          ;;
;;			(1.0 + 0.01)^365 = 37.78                         ;;
;;			All rights reserved                              ;;
;;;;;;;;;;;;;;;;;;;;;;;;;;;;;;;;;;;;;;;;;;;;;;;;;;;;;;;;;;;;;;;
;;;;;;;;;;;;;;;;;;;;;;;;;;;;;;;;;;;;;;;;;;;;;;;;;;;;;;;;;;;;;;;
-->

<key_code>
<key name="A" 				value=0x04/>
<key name="B"				value=0x05/>
<key name="C"				value=0x06/>
<key name="D"				value=0x07/>
<key name="E"				value=0x08/>
<key name="F"				value=0x09/>
<key name="G"				value=0x0a/>
<key name="H"				value=0x0b/>
<key name="I"				value=0x0c/>
<key name="J"				value=0x0d/>
<key name="K"				value=0x0e/>
<key name="L"				value=0x0f/>
<key name="M"				value=0x10/>
<key name="N"				value=0x11/>
<key name="O"				value=0x12/>
<key name="P"				value=0x13/>
<key name="Q"				value=0x14/>
<key name="R"				value=0x15/>
<key name="S"				value=0x16/>
<key name="T"				value=0x17/>
<key name="U"				value=0x18/>
<key name="V"				value=0x19/>
<key name="W"				value=0x1a/>
<key name="X"				value=0x1b/>
<key name="Y"				value=0x1c/>
<key name="Z"				value=0x1d/>
<key name="1"				value=0x1e/>
<key name="2"				value=0x1f/>
<key name="3"				value=0x20/>
<key name="4"				value=0x21/>
<key name="5"				value=0x22/>
<key name="6"				value=0x23/>
<key name="7"				value=0x24/>
<key name="8"				value=0x25/>
<key name="9"				value=0x26/>
<key name="0"				value=0x27/>
<key name="Enter"			value=0x28/>
<key name="Esc" 			value=0x29/>
<key name="BSPACE" 			value=0x2a/>
<key name="TAB"				value=0x2b/>
<key name="SPACE"			value=0x2c/>
<key name="MINUS"			value=0x2d/>
<key name="EQUAL"			value=0x2e/>
<key name="[{"				value=0x2f/>
<key name="]}"				value=0x30/>
<key name="BSLASH"			value=0x31/> 
<key name="NONUS_HASH"		value=0x32/> 
<key name="SCOLON"			value=0x33/> 
<key name="QUOTE"			value=0x34/> 
<key name="GRAVE"			value=0x35/>
<key name="COMMA"			value=0x36/>
<key name="DOT"				value=0x37/>
<key name="SLASH"			value=0x38/>
<key name="CAPSLOCK"		value=0x39/>
<key name="F1" 				value=0x3a/>
<key name="F2" 				value=0x3b/>
<key name="F3" 				value=0x3c/>
<key name="F4" 				value=0x3d/>
<key name="F5" 				value=0x3e/>
<key name="F6" 				value=0x3f/>
<key name="F7" 				value=0x40/>
<key name="F8" 				value=0x41/>
<key name="F9" 				value=0x42/>
<key name="F10"				value=0x43/>
<key name="F11"				value=0x44/>
<key name="F12"				value=0x45/>
<key name="PSCREEN"			value=0x46/>
<key name="SCROLLLOCK"		value=0x47/>
<key name="PAUSE"			value=0x48/>
<key name="INSERT"			value=0x49/>
<key name="HOME"			value=0x4a/>
<key name="PGUP"			value=0x4b/>
<key name="DELETE"			value=0x4c/>
<key name="END"				value=0x4d/>
<key name="PGDOWN"			value=0x4e/>
<key name="RIGHT"			value=0x4f/>
<key name="LEFT"			value=0x50/>
<key name="DOWN" 			value=0x51/>
<key name="UP" 				value=0x52/>
<key name="NUMLOCK"			value=0x53/>
<key name="SLASH"			value=0x54/>
<key name="ASTERISK"		value=0x55/>
<key name="MINUS"			value=0x56/>
<key name="PLUS"			value=0x57/>
<key name="ENTER"			value=0x58/>
<key name="1"				value=0x59/>
<key name="2"				value=0x5a/>
<key name="3"				value=0x5b/>
<key name="4"				value=0x5c/>
<key name="5"				value=0x5d/>
<key name="6"				value=0x5e/>
<key name="7"				value=0x5f/>
<key name="8"				value=0x60/>
<key name="9"				value=0x61/>
<key name="0"				value=0x62/>
<key name="DOT"				value=0x63/>
<key name="NONUS_BSLASH"	value=0x64/>
<key name="APPLICATION"		value=0x65/>
<key name="POWER"			value=0x66/>
<key name="KP_EQUAL"		value=0x67/>
<key name="F13"				value=0x68/>
<key name="F14"				value=0x69/>
<key name="F15"				value=0x6a/>
<key name="F16"				value=0x6b/>
<key name="F17"				value=0x6c/>
<key name="F18"				value=0x6d/>
<key name="F19"				value=0x6e/>
<key name="F20"				value=0x6f/>
<key name="F21"				value=0x70/>
<key name="F22"				value=0x71/>
<key name="F23"				value=0x72/>
<key name="F24"				value=0x73/>
<key name="EXECUTE"			value=0x74/>
<key name="HELP"			value=0x75/>
<key name="MENU"			value=0x76/>
<key name="SELECT"			value=0x77/>
<key name="STOP"			value=0x78/>
<key name="AGAIN"			value=0x79/>
<key name="UNDO"			value=0x7a/>
<key name="CUT"				value=0x7b/>
<key name="COPY"			value=0x7c/>
<key name="PASTE"			value=0x7d/>
<key name="FIND"			value=0x7e/>
<key name="MUTE"			value=0x7f/>
<key name="VOLUP"			value=0x80/>
<key name="VOLDOWN"			value=0x81/>
<key name="LOCKING_CAPS"	value=0x82/>
<key name="LOCKING_NUM"		value=0x83/>
<key name="LOCKING_SCROLL"  value=0x84/>
<key name="COMMA"			value=0x85/>
<key name="EQUAL_AS400"		value=0x86/>
<key name="INT1"			value=0x87/>
<key name="INT2"			value=0x88/>
<key name="INT3"			value=0x89/>
<key name="INT4"			value=0x8a/>
<key name="INT5"			value=0x8b/>
<key name="INT6"			value=0x8c/>
<key name="INT7"			value=0x8d/>
<key name="INT8"			value=0x8e/>
<key name="INT9"			value=0x8f/>
<key name="LANG1"			value=0x90/>
<key name="LANG2"			value=0x91/>
<key name="LANG3"			value=0x92/>
<key name="LANG4"			value=0x93/>
<key name="LANG5"			value=0x94/>
<key name="LANG6"			value=0x95/>
<key name="LANG7"			value=0x96/>
<key name="LANG8"			value=0x97/>
<key name="LANG9"			value=0x98/>
<key name="ALT_ERASE"		value=0x99/>
<key name="SYSREQ"			value=0x9a/>
<key name="CANCEL"			value=0x9b/>
<key name="CLEAR"			value=0x9c/>
<key name="PRIOR"			value=0x9d/>
<key name="RETURN"			value=0x9e/>
<key name="SEPARATOR"		value=0x9f/>
<key name="OUT"      		value=0xA0/>
<key name="OPER"     		value=0xa1/>
<key name="CLEAR_AGAIN"		value=0xa2/>
<key name="CRSEL"      		value=0xa3/>
<key name="EXSEL"      		value=0xA4/>
<key name="LCTRL"	    	value=0xE0/>
<key name="LSHIFT"  		value=0xE1/>
<key name="LALT"   			value=0xE2/>
<key name="LGUI"   			value=0xE3/>
<key name="RCTRL"  			value=0xE4/>
<key name="RSHIFT" 			value=0xE5/>
<key name="RALT"   			value=0xE6/>
<key name="RGUI"   			value=0xE7/>
<key name="FN"          	value=0xFF/>

<key name="AC_PLAY_PAUSE"       value=0xCD/>
<key name="AC_MUTE"            	value=0xE2/>
<key name="AC_VINC"            	value=0xE9/>
<key name="AC_VDNC"            	value=0xEA/>
<key name="AC_NEXT_TRACK"       value=0xB5/>
<key name="AC_PRE_TRACK"        value=0xB6/>
<key name="AC_MUSIC"            value=0x183/>
<key name="AC_EMAIL"            value=0x18A/>
<key name="AC_CALC"             value=0x192/>
<key name="AC_LOCAL_MACHINE"    value=0x194/>
<key name="AL_DESKTOP"          value=0x1AA/>
<key name="AL_KEYBOARD_LAYOUT"  value=0x1AE/>
<key name="AL_IMAGE_BROWSER"    value=0x1B6/>
<key name="AC_HOME"             value=0x223/>
<key name="AC_LOCK"             value=0x26B/>
<key name="AC_UNLOCK"           value=0x26C/>
</key_code>