<?xml version="1.0" encoding="UTF-8"?>
<!--
;;;;;;;;;;;;;;;;;;;;;;;;;;;;;;;;;;;;;;;;;;;;;;;;;;;;;;;;;;;;;;;
;;;;;;;;;;;;;;;;;;;;;;;;;;;;;;;;;;;;;;;;;;;;;;;;;;;;;;;;;;;;;;;
;;			Copyright 2016									 ;;
;;			Shen Zhen Zero Point Zero One Tech co.LTD	     ;;
;;			(1.0 - 0.01)^365 = 0.03                          ;;
;;			(1.0 + 0.01)^365 = 37.78                         ;;
;;			All rights reserved                              ;;
;;;;;;;;;;;;;;;;;;;;;;;;;;;;;;;;;;;;;;;;;;;;;;;;;;;;;;;;;;;;;;;
;;;;;;;;;;;;;;;;;;;;;;;;;;;;;;;;;;;;;;;;;;;;;;;;;;;;;;;;;;;;;;;
-->

<key_func>
<func name="swap led mode"			        hi=0   enable = 1 	control_type=0	tips="open an application or a document">
<func name="NULL_01"			            hi=1   enable = 0 	control_type=0	tips="open an application or a document">
<func name="LED Brightness"			        hi=2   enable = 1 	control_type=4	tips="open an application or a document">
<func name="NULL_03"			            hi=3   enable = 0 	control_type=0	tips="open an application or a document">
<func name="NULL_04"			            hi=4   enable = 0 	control_type=0	tips="open an application or a document">
<func name="NULL_05"			            hi=5   enable = 0 	control_type=0	tips="open an application or a document">
<func name="NULL_06"			            hi=6   enable = 0 	control_type=0	tips="open an application or a document">
<func name="NULL_07"			            hi=7   enable = 0 	control_type=0	tips="open an application or a document">
<func name="NULL_08"		                hi=8   enable = 0 	control_type=0	tips="open an application or a document">
<func name="NULL_09"			            hi=9   enable = 0 	control_type=0	tips="open an application or a document">
<func name="NULL_10"     			        hi=10  enable = 0 	control_type=0	tips="open an application or a document">
<func name="NULL_11"        			    hi=11  enable = 0 	control_type=0	tips="open an application or a document">
<func name="NULL_12"			            hi=12  enable = 0 	control_type=0	tips="open an application or a document">
<func name="NULL_13"			            hi=13  enable = 0 	control_type=0	tips="open an application or a document">
<func name="NULL_14"			            hi=14  enable = 0 	control_type=0	tips="open an application or a document">
<func name="NULL_15"			            hi=15  enable = 0 	control_type=0	tips="open an application or a document">
<func name="NULL_16"			            hi=16  enable = 0 	control_type=0	tips="open an application or a document">
<func name="NULL_17"			            hi=17  enable = 0 	control_type=0	tips="open an application or a document">
<func name="NULL_18"			            hi=18  enable = 0 	control_type=0	tips="open an application or a document">
<func name="NULL_19"			            hi=19  enable = 0 	control_type=0	tips="open an application or a document">
<func name="Replace Key"                    hi=20  enable = 1 	control_type=5	tips="replace a key">
<func name="(Un)Lock key"                   hi=21  enable = 1 	control_type=6	tips="when you press will lock or unlock ">
<func name="select key layout"              hi=22  enable = 1 	control_type=4	tips="wk_kf_prev_kcm">
<func name="NULL_23"                        hi=23  enable = 0 	control_type=0	tips="wk_kf_next_kcm">
<func name="Program"			            hi=24  enable = 1 	control_type=2	tips="open an application or a document">
<func name="Website"                        hi=25  enable = 1 	control_type=1	tips="open a web link">
<func name="File folder"                    hi=26  enable = 1 	control_type=3	tips="open a directory">
<func name="Marco"                          hi=27  enable = 0 	control_type=0	tips="macro">
<func name="Document"			            hi=28  enable = 1 	control_type=2	tips="open an application or a document">
<func name="NULL_29"			            hi=29  enable = 0 	control_type=0	tips="open an application or a document">
<func name="NULL_30"			            hi=30  enable = 0 	control_type=0	tips="open an application or a document">
<func name="NULL_31"			            hi=31  enable = 0 	control_type=0	tips="open an application or a document">
</key_func>

<hi2>
	<item name="Increment" value=0>
	<item name="Decrement" value=1>
</hi2>

<hi22>
	<item name="Prev" value=0>
	<item name="Next" value=1>
</hi22>