<?xml version="1.0" encoding="UTF-8"?>
<!--
;;;;;;;;;;;;;;;;;;;;;;;;;;;;;;;;;;;;;;;;;;;;;;;;;;;;;;;;;;;;;;;
;;;;;;;;;;;;;;;;;;;;;;;;;;;;;;;;;;;;;;;;;;;;;;;;;;;;;;;;;;;;;;;
;;			Copyright 2016									 ;;
;;			Shen Zhen Zero Point Zero One Tech co.LTD	     ;;
;;			(1.0 - 0.01)^365 = 0.03                          ;;
;;			(1.0 + 0.01)^365 = 37.78                         ;;
;;			All rights reserved                              ;;
;;;;;;;;;;;;;;;;;;;;;;;;;;;;;;;;;;;;;;;;;;;;;;;;;;;;;;;;;;;;;;;
;;;;;;;;;;;;;;;;;;;;;;;;;;;;;;;;;;;;;;;;;;;;;;;;;;;;;;;;;;;;;;;
-->

<key_func>
<func name="kf_set_ka_mode"			        hi=0   enable = 1 	control_type=4	tips="open an application or a document">
<func name="kf_shift_esc_grave"			    hi=1   enable = 1 	control_type=4	tips="open an application or a document">
<func name="kf_change_ka_param"			    hi=2   enable = 1 	control_type=0	tips="open an application or a document">
<func name="kf_diy_kr_color"			    hi=3   enable = 1 	control_type=0	tips="open an application or a document">
<func name="kf_switch_usb_mode"			    hi=4   enable = 1 	control_type=0	tips="open an application or a document">
<func name="kf_select_kr_matrix"			hi=5   enable = 1 	control_type=0	tips="open an application or a document">
<func name="NULL"			                hi=6   enable = 0 	control_type=0	tips="open an application or a document">
<func name="kf_set_pageup_key"			    hi=7   enable = 1 	control_type=0	tips="open an application or a document">
<func name="kf_recover_color_mode"		    hi=8   enable = 1 	control_type=0	tips="open an application or a document">
<func name="kf_recover_key_code"			hi=9   enable = 1 	control_type=0	tips="open an application or a document">
<func name="kf_lp_swap_key"			        hi=10  enable = 1 	control_type=0	tips="open an application or a document">
<func name="kf_set_pageup_key"			    hi=11  enable = 1 	control_type=0	tips="open an application or a document">
<func name="NULL_12"			            hi=12  enable = 0 	control_type=0	tips="open an application or a document">
<func name="NULL_13"			            hi=13  enable = 0 	control_type=0	tips="open an application or a document">
<func name="NULL_14"			            hi=14  enable = 0 	control_type=0	tips="open an application or a document">
<func name="NULL_15"			            hi=15  enable = 0 	control_type=0	tips="open an application or a document">
<func name="NULL_16"			            hi=16  enable = 0 	control_type=0	tips="open an application or a document">
<func name="NULL_17"			            hi=17  enable = 0 	control_type=0	tips="open an application or a document">
<func name="NULL_18"			            hi=18  enable = 0 	control_type=0	tips="open an application or a document">
<func name="NULL_19"			            hi=19  enable = 0 	control_type=0	tips="open an application or a document">
<func name="Replace Key"                    hi=20  enable = 1 	control_type=5	tips="replace a key">
<func name="(en)disable key"                hi=21  enable = 1 	control_type=6	tips="when you press will disable or enable ">
<func name="wk_kf_select_kcm"               hi=22  enable = 1 	control_type=0	tips="wk_kf_prev_kcm">
<func name="wk_kf_next_kcm"                 hi=23  enable = 0 	control_type=0	tips="wk_kf_next_kcm">
<func name="Application"			        hi=24  enable = 1 	control_type=2	tips="open an application or a document">
<func name="Web"                            hi=25  enable = 1 	control_type=1	tips="open a web link">
<func name="Dir"                            hi=26  enable = 1 	control_type=3	tips="open a directory">
<func name="Marco"                          hi=27  enable = 0 	control_type=0	tips="macro">
<func name="Document"			            hi=28  enable = 1 	control_type=2	tips="open an application or a document">
<func name="NULL_29"			            hi=29  enable = 0 	control_type=0	tips="open an application or a document">
<func name="NULL_30"			            hi=30  enable = 0 	control_type=0	tips="open an application or a document">
<func name="NULL_31"			            hi=31  enable = 0 	control_type=0	tips="open an application or a document">
</key_func>

<hi0>
	<item name="mode1" value=1>
	<item name="mode2" value=2>
	<item name="mode3" value=3>
	<item name="mode4" value=4>
	<item name="mode5" value=5>
	<item name="mode6" value=6>
	<item name="mode7" value=7>
	<item name="mode8" value=8>
	<item name="mode9" value=9>
	<item name="mode10" value=10>
</hi0>

<hi1>
	<item name="mode1_hi1" value=1>
	<item name="mode2_hi1" value=2>
	<item name="mode3_hi1" value=3>
	<item name="mode4_hi1" value=4>
	<item name="mode5_hi1" value=5>
	<item name="mode6_hi1" value=6>
	<item name="mode7_hi1" value=7>
	<item name="mode8_hi1" value=8>
	<item name="mode9_hi1" value=9>
	<item name="mode10_hi1" value=10>
</hi1>
