<?xml version="1.0" encoding="UTF-8"?>
<!--
;;;;;;;;;;;;;;;;;;;;;;;;;;;;;;;;;;;;;;;;;;;;;;;;;;;;;;;;;;;;;;;
;;;;;;;;;;;;;;;;;;;;;;;;;;;;;;;;;;;;;;;;;;;;;;;;;;;;;;;;;;;;;;;
;;			Copyright 2016									 ;;
;;			Shen Zhen Zero Point Zero One Tech co.LTD	     ;;
;;			(1.0 - 0.01)^365 = 0.03                          ;;
;;			(1.0 + 0.01)^365 = 37.78                         ;;
;;			All rights reserved                              ;;
;;;;;;;;;;;;;;;;;;;;;;;;;;;;;;;;;;;;;;;;;;;;;;;;;;;;;;;;;;;;;;;
;;;;;;;;;;;;;;;;;;;;;;;;;;;;;;;;;;;;;;;;;;;;;;;;;;;;;;;;;;;;;;;
-->

<key_code>
<key name="Esc"					type=1  stype=0   value=0x29   image=""/>
<key name="F1"					type=1  stype=0   value=0x3a   image=""/>
<key name="F2"					type=1  stype=0   value=0x3b   image=""/>
<key name="F3"					type=1  stype=0   value=0x3c   image=""/>
<key name="F4"                  type=1  stype=0   value=0x3d   image=""/>
<key name="F5"                  type=1  stype=0   value=0x3e   image=""/>
<key name="F6"                  type=1  stype=0   value=0x3f   image=""/>
<key name="F7"                  type=1  stype=0   value=0x40   image=""/>
<key name="F8"                  type=1  stype=0   value=0x41   image=""/>
<key name="F9"                  type=1  stype=0   value=0x42   image=""/>
<key name="F10"                 type=1  stype=0   value=0x43   image=""/>
<key name="F11"                 type=1  stype=0   value=0x44   image=""/>
<key name="F12"                 type=1  stype=0   value=0x45   image=""/>
<key name="PrtSc"               type=1  stype=0   value=0x46   image=""/>
<key name="Scroll Lock"         type=1  stype=0   value=0x47   image=""/>
<key name="Pause&#x000A;Break"  type=1  stype=0   value=0x48   image=""/>
<key name="~&#x000A;`"          type=1  stype=0   value=0x35   image=""/>
<key name="!&#x000A;1"          type=1  stype=0   value=0x1e   image=""/>
<key name="@&#x000A;2"          type=1  stype=0   value=0x1f   image=""/>
<key name="#&#x000A;3"          type=1  stype=0   value=0x20   image=""/>
<key name="$&#x000A;4"          type=1  stype=0   value=0x21   image=""/>
<key name="%&#x000A;5"          type=1  stype=0   value=0x22   image=""/>
<key name="^&#x000A;6"          type=1  stype=0   value=0x23   image=""/>
<key name="&&#x000A;7"          type=1  stype=0   value=0x24   image=""/>
<key name="*&#x000A;8"          type=1  stype=0   value=0x25   image=""/>
<key name="(&#x000A;9"          type=1  stype=0   value=0x26   image=""/>
<key name=")&#x000A;0"          type=1  stype=0   value=0x27   image=""/>
<key name="_&#x000A;-"          type=1  stype=0   value=0x2D   image=""/>
<key name="+&#x000A;="          type=1  stype=0   value=0x2E   image=""/>
<key name="Backspace"           type=1  stype=0   value=0x2A   image=""/>
<key name="Insert"              type=1  stype=0   value=0x49   image=""/>
<key name="Home"                type=1  stype=0   value=0x4A   image=""/>
<key name="PgUp"                type=1  stype=0   value=0x4B   image=""/>
<key name="Num Lock"            type=1  stype=0   value=0x53   image=""/>
<key name="/"                   type=1  stype=0   value=0x54   image=""/>
<key name="*"                   type=1  stype=0   value=0x55   image=""/>
<key name="-"                   type=1  stype=0   value=0x56   image=""/>
<key name="Tab"                 type=1  stype=0   value=0x2B   image=""/>
<key name="Q"                   type=1  stype=0   value=0x14   image=""/>
<key name="W"                   type=1  stype=0   value=0x1A   image=""/>
<key name="E"                   type=1  stype=0   value=0x08   image=""/>
<key name="R"                   type=1  stype=0   value=0x15   image=""/>
<key name="T"                   type=1  stype=0   value=0x17   image=""/>
<key name="Y"                   type=1  stype=0   value=0x1C   image=""/>
<key name="U"                   type=1  stype=0   value=0x18   image=""/>
<key name="I"                   type=1  stype=0   value=0x0C   image=""/>
<key name="O"                   type=1  stype=0   value=0x12   image=""/>
<key name="P"                   type=1  stype=0   value=0x13   image=""/>
<key name="{&#x000A;["          type=1  stype=0   value=0x2F   image=""/>
<key name="}&#x000A;]"          type=1  stype=0   value=0x30   image=""/>
<key name="|&#x000A;\"          type=1  stype=0   value=0x31   image=""/>
<key name="Delete"              type=1  stype=0   value=0x4C   image=""/>
<key name="End"                 type=1  stype=0   value=0x4D   image=""/>
<key name="PgDn"                type=1  stype=0   value=0x4E   image=""/>
<key name="7&#x000A;Home"       type=1  stype=0   value=0x5F   image=""/>
<key name="8&#x000A;↑"          type=1  stype=0   value=0x60   image="8.png"/>
<key name="9&#x000A;PgUp"       type=1  stype=0   value=0x61   image=""/>
<key name="+"                   type=1  stype=0   value=0x57   image=""/>
<key name="Caps Lock"           type=1  stype=0   value=0x39   image=""/>
<key name="A"                   type=1  stype=0   value=0x04   image=""/>
<key name="S"                   type=1  stype=0   value=0x16   image=""/>
<key name="D"                   type=1  stype=0   value=0x07   image=""/>
<key name="F"                   type=1  stype=0   value=0x09   image=""/>
<key name="G"                   type=1  stype=0   value=0x0A   image=""/>
<key name="H"                   type=1  stype=0   value=0x0B   image=""/>
<key name="J"                   type=1  stype=0   value=0x0D   image=""/>
<key name="K"                   type=1  stype=0   value=0x0E   image=""/>
<key name="L"                   type=1  stype=0   value=0x0F   image=""/>
<key name=":&#x000A;;"          type=1  stype=0   value=0x33   image=""/>
<key name="\&#x000A;'"          type=1  stype=0   value=0x34   image=""/>
<key name="Enter"               type=1  stype=0   value=0x28   image=""/>
<key name="4&#x000A;←"          type=1  stype=0   value=0x5C   image="4.png"/>
<key name="5"                   type=1  stype=0   value=0x5D   image=""/>
<key name="6&#x000A;→"          type=1  stype=0   value=0x5E   image="6.png"/>
<key name="Shift-L"             type=1  stype=0   value=0xE1   image=""/>
<key name="Z"                   type=1  stype=0   value=0x1D   image=""/>
<key name="X"                   type=1  stype=0   value=0x1B   image=""/>
<key name="C"                   type=1  stype=0   value=0x06   image=""/>
<key name="V"                   type=1  stype=0   value=0x19   image=""/>
<key name="B"                   type=1  stype=0   value=0x05   image=""/>
<key name="N"                   type=1  stype=0   value=0x11   image=""/>
<key name="M"                   type=1  stype=0   value=0x10   image=""/>
<key name="<&#x000A;,"          type=1  stype=0   value=0x36   image=""/>
<key name=">&#x000A;."          type=1  stype=0   value=0x37   image=""/>
<key name="?&#x000A;/"          type=1  stype=0   value=0x38   image=""/>
<key name="Shift-R"             type=1  stype=0   value=0xE5   image=""/>
<key name="↑"                   type=1  stype=0   value=0x52   image="up.png"/>
<key name="1&#x000A;End"        type=1  stype=0   value=0x59   image=""/>
<key name="2&#x000A;↓"          type=1  stype=0   value=0x5A   image="2.png"/>
<key name="3&#x000A;PgDn"       type=1  stype=0   value=0x5B   image=""/>
<key name="Enter"               type=1  stype=0   value=0x58   image=""/>
<key name="Ctrl-L"              type=1  stype=0   value=0xE0   image=""/>
<key name="Win-L"               type=1  stype=0   value=0xE3   image=""/>
<key name="Alt-L"               type=1  stype=0   value=0xE2   image=""/>
<key name="Space"               type=1  stype=0   value=0x2C   image=""/>
<key name="Alt-R"               type=1  stype=0   value=0xE6   image=""/>
<key name="Win-R"               type=1  stype=0   value=0xE7   image=""/>
<key name="Menu"                type=1  stype=0   value=0x65   image=""/>
<key name="Ctrl-R"              type=1  stype=0   value=0xE4   image=""/>
<key name="←"                   type=1  stype=0   value=0x50   image="LF.png"/>
<key name="↓"                   type=1  stype=0   value=0x51   image="down.png"/>
<key name="→"                   type=1  stype=0   value=0x4F   image="RT.png"/>
<key name="0&#x000A;Ins"        type=1  stype=0   value=0x62   image=""/>
<key name=".&#x000A;Del"        type=1  stype=0   value=0x63   image=""/>
<key name="Fn"                  type=1  stype=0   value=0xFF   image=""/>
<key name=""                    type=0  stype=0   value=0x00   image=""/>
<key name=""					type=1  stype=0   value=0xF0   image="lock.png"/>
<key name=""					type=2  stype=0   value=0xCD   image="play_pause.png"/>
<key name=""					type=2  stype=0   value=0xB5   image="pre_track.png"/>
<key name=""					type=2  stype=0   value=0xB6   image="next_track.png"/>
<key name=""					type=2  stype=0   value=0xE9   image="volume_increment.png"/>
<key name=""					type=2  stype=0   value=0xEA   image="volume_decrement.png"/>
<key name=""					type=2  stype=0   value=0xE2   image="volume_mute.png"/>
<key name=""					type=2  stype=0   value=0x192  image="calculate.png"/>
<key name=""        			type=2  stype=0   value=0x18A  image="message.png"/>
<key name=""            		type=2  stype=0   value=0x223  image="home.png"/>
<key_code/>