[
  [
    "Esc",
    {
      "x": 1
    },
    "F1",
    "F2",
    "F3",
    "F4",
    {
      "x": 0.5
    },
    "F5",
    "F6",
    "F7",
    "F8",
    { 
      "x": 0.5
    },
    "F9",
    "F10",
    "F11",
    "F12",
    {
      "x": 0.25
    },
    "PrtSc",
    "Scroll Lock",
    "Pause\nBreak"
  ],
  [
    {
      "y": 0.5
    },
    "~\n`",
    "!\n1",
    "@\n2",
    "#\n3",
    "$\n4",
    "%\n5",
    "^\n6",
    "&\n7",
    "*\n8",
    "(\n9",
    ")\n0",
    "_\n-",
    "+\n=",
    {
      "w": 2
    },
    "Backspace",
    {
      "x": 0.25
    },
    "Insert",
    "Home",
    "PgUp",
    {
      "x": 0.25
    },
    "Num Lock",
    "/",
    "*",
    "-"
  ],
  [
    {
      "w": 1.5
    },
    "Tab",
    "Q",
    "W",
    "E",
    "R",
    "T",
    "Y",
    "U",
    "I",
    "O",
    "P",
    "{\n[",
    "}\n]",
    {
      "w": 1.5
    },
    "|\n\\",
    {
      "x": 0.25
    },
    "Delete",
    "End",
    "PgDn",
    {
      "x": 0.25
    },
    "7\nHome",
    "8\n↑",
    "9\nPgUp",
    {
      "h": 2
    },
    "+"
  ],
  [
    {
      "w": 1.75
    },
    "Caps Lock",
    "A",
    "S",
    "D",
    "F",
    "G",
    "H",
    "J",
    "K",
    "L",
    ":\n;",
    "\"\n'",
    {
      "w": 2.25
    },
    "Enter",
    {
      "x": 3.5
    },
    "4\n←",
    "5",
    "6\n→"
  ],
  [
    {
      "w": 2.25
    },
    "Shift-L",
    "Z",
    "X",
    "C",
    "V",
    "B",
    "N",
    "M",
    "<\n,",
    ">\n.",
    "?\n/",
    {
      "w": 2.75
    },
    "Shift-R",
    {
      "x": 1.25
    },
    "↑",
    {
      "x": 1.25
    },
    "1\nEnd",
    "2\n↓",
    "3\nPgDn",
    {
      "h": 2
    },
    "Enter"
  ],
  [
    {
      "w": 1.25
    },
    "Ctrl-L",
    {
      "w": 1.25
    },
    "Win-L",
    {
      "w": 1.25
    },
    "Alt-L",
    {
      "a": 7,
      "w": 6.25
    },
    "Space",
    {
      "a": 4,
      "w": 1.25
    },
    "Alt-R",
    {
      "w": 1.25
    },
    "Win-R",
    {
      "w": 1.25
    },
    "Menu",
    {
      "w": 1.25
    },
    "Ctrl-R",
    {
      "x": 0.25
    },
    "←",
    "↓",
    "→",
    {
      "x": 0.25,
      "w": 2
    },
    "0\nIns",
    ".\nDel"
  ],  
  [
	{
	  "y": 0.5,
	  "w": 0.75,
	  "h": 0.75
	},
	"Fn",
	
	{
	  "x": 0.25,
	  "w": 0.75,
	  "h": 0.75
	},
	"",
	
	{
	  "x": 0.25,
	  "w": 0.75,
	  "h": 0.75,
	  "image": "lock.png"
	},	
	""
  ], 
  [
	{
	  "x": 1,
	  "w": 0.75,
	  "h": 0.75,
	  "image": "play_pause.png"
	},
	"",	
	{
	  "w": 0.75,
	  "h": 0.75,
	  "image": "pre_track.png"
	},
	"",
	{
	  "w": 0.75,
	  "h": 0.75,
	  "image": "next_track.png"
	},
	"",
	{
	  "x": 0.25,
	  "w": 0.75,
	  "h": 0.75,
	  "image": "volume_increment.png"
	},
	"",
	{
	  "w": 0.75,
	  "h": 0.75,
	  "image": "volume_decrement.png"
	},
	"",
	{
	  "w": 0.75,
	  "h": 0.75,
	  "image": "volume_mute.png"
	},
	"",
	{
	  "x": 0.25,
	  "w": 0.75,
	  "h": 0.75,
	  "image": "calculate.png"
	},
	"",
	{
	  "w": 0.75,
	  "h": 0.75,
	  "image": "message.png"
	},
	"",
	{
	  "w": 0.75,
	  "h": 0.75,
	  "image": "home.png"
	},
	""
   ]
]