[
  [
    {
      "a": 6
    },
    "Esc",
    {
      "a": 0
    },
    "!\n1\n\n\nF1",
    "@\n2\n\n\nF2",
    "#\n3\n\n\nF3",
    "$\n4\n\n\nF4",
    "%\n5\n\n\nF5",
    "^\n6\n\n\nF6",
    "&\n7\n\n\nF7",
    "*\n8\n\n\nF8",
    "(\n9\n\n\nF9",
    ")\n0\n\n\nF10",
    "_\n-\n\n\nF11",
    "+\n=\n\n\nF12",
    {
      "a": 4
    },
  ],
  [
    {
      "a": 4,
      "w": 1.5
    },
    "Tab",
    "Q",
    "W",
    "E",
    "R",
    "T",
    "Y",
    "U",
    "I",
    "O",
    "P",
    "{\n[",
    "}\n]",
    {
      "a": 6,
      "w": 1.5
    },
    "Backspace",
    {
      "a": 2
    },
    "Page Down\n\n\n\nDelete"
  ],
  [
    {
      "a": 6,
      "w": 1.75
    },
    "Caps Lock",
    {
      "a": 4
    },
    "A",
    "S",
    "D",
    "F",
    "G",
    "H",
    "J",
    "K",
    "L",
    ":\n;",
    "\"\n'",
    {
      "a": 6,
      "w": 2.25
    },
    "Enter",
    "Home"
  ],
  [
    {
      "w": 2.25
    },
    "Shift-L",
    {
      "a": 4
    },
    "Z",
    "X",
    "C",
    "V",
    "B",
    "N",
    "M",
    "<\n,",
    ">\n.",
    "?\n/",
    {
      "a": 6,
      "w": 1.75
    },
    "Shift-R",
    {
      "a": 7
    },
    "↑",
    {
      "a": 6
    },
    "End"
  ],
  [
    "Fn",
    "Ctrl-L",
    "Win-L",
    {
      "w": 1.5
    },
    "Alt-L",
    {
      "a": 7,
      "w": 3
    },
    "",
    {
      "w": 3
    },
    "",
    {
      "a": 6,
      "w": 1.5
    },
    "Alt-R",
    "Ctrl-R",
    {
      "a": 7
    },
    "←",
    "↓",
    "→"
  ]
]